{
  "BRVpnd5eLXZxPTTStWkR8GAx7a9odqDz3DZ4F4FH6CCB": {
    "tokens": 419287.632654,
    "first_buy_time": "2025-10-07T19:17:05Z",
    "weightage": 7.949902799828621
  }
}